codigo_ibge;nome_munic;nome_ra;cod_ra;pop;area
3505401;Barra do Turvo;RA de Registro;16;7687;1007.68
3509254;Cajati;RA de Registro;16;28992;454.44
3509908;Cananéia;RA de Registro;16;12341;1237.35
3514809;Eldorado;RA de Registro;16;15236;1654.26
3520301;Iguape;RA de Registro;16;29465;1978.8
3520426;Ilha Comprida;RA de Registro;16;10296;196.57
3523305;Itariri;RA de Registro;16;17274;273.67
3524600;Jacupiranga;RA de Registro;16;17222;704.19
3526100;Juquiá;RA de Registro;16;18828;812.8
3529906;Miracatu;RA de Registro;16;19934;1001.48
3536208;Pariquera-Açu;RA de Registro;16;19251;359.41
3537206;Pedro de Toledo;RA de Registro;16;10977;670.44
3542602;Registro;RA de Registro;16;54216;722.2
3551801;Sete Barras;RA de Registro;16;12628;1062.7
3506359;Bertioga;RA de Santos;12;63290;491.55
3513504;Cubatão;RA de Santos;12;129145;142.88
3518701;Guarujá;RA de Santos;12;316405;144.79
3522109;Itanhaém;RA de Santos;12;98757;601.71
3531100;Mongaguá;RA de Santos;12;54610;143.21
3537602;Peruíbe;RA de Santos;12;66201;326.22
3541000;Praia Grande;RA de Santos;12;316844;149.25
3548500;Santos;RA de Santos;12;428703;281.03
3551009;São Vicente;RA de Santos;12;357929;148.1
3502507;Aparecida;RA de São José dos Campos;15;35709;121.08
3503158;Arapeí;RA de São José dos Campos;15;2471;156.9
3503505;Areias;RA de São José dos Campos;15;3843;305.23
3504909;Bananal;RA de São José dos Campos;15;10651;616.43
3508603;Cachoeira Paulista;RA de São José dos Campos;15;32231;287.99
3509700;Campos do Jordão;RA de São José dos Campos;15;50118;290.52
3509957;Canas;RA de São José dos Campos;15;5064;53.26
3510500;Caraguatatuba;RA de São José dos Campos;15;116106;484.95
3508504;Caçapava;RA de São José dos Campos;15;91217;368.99
3513405;Cruzeiro;RA de São José dos Campos;15;79927;305.7
3513603;Cunha;RA de São José dos Campos;15;21681;1407.25
3518404;Guaratinguetá;RA de São José dos Campos;15;118345;752.64
3520202;Igaratá;RA de São José dos Campos;15;9312;292.95
3520400;Ilhabela;RA de São José dos Campos;15;33470;346.39
3524402;Jacareí;RA de São José dos Campos;15;227945;464.27
3524907;Jambeiro;RA de São José dos Campos;15;6214;184.41
3526308;Lagoinha;RA de São José dos Campos;15;4819;255.47
3526605;Lavrinhas;RA de São José dos Campos;15;7167;167.07
3527207;Lorena;RA de São José dos Campos;15;86639;414.16
3531704;Monteiro Lobato;RA de São José dos Campos;15;4465;332.74
3532306;Natividade da Serra;RA de São José dos Campos;15;6698;833.37
3535606;Paraibuna;RA de São José dos Campos;15;18230;809.58
3538006;Pindamonhangaba;RA de São José dos Campos;15;163611;730
3538501;Piquete;RA de São José dos Campos;15;13647;176
3540754;Potim;RA de São José dos Campos;15;20702;44.47
3541901;Queluz;RA de São José dos Campos;15;12644;249.4
3542305;Redenção da Serra;RA de São José dos Campos;15;3837;309.44
3544301;Roseira;RA de São José dos Campos;15;10642;130.65
3546009;Santa Branca;RA de São José dos Campos;15;14179;272.24
3548203;Santo Antônio do Pinhal;RA de São José dos Campos;15;6628;133.01
3548609;São Bento do Sapucaí;RA de São José dos Campos;15;10530;252.58
3549607;São José do Barreiro;RA de São José dos Campos;15;4070;570.69
3549904;São José dos Campos;RA de São José dos Campos;15;710654;1099.41
3550001;São Luiz do Paraitinga;RA de São José dos Campos;15;10569;617.32
3550704;São Sebastião;RA de São José dos Campos;15;87135;402.4
3552007;Silveiras;RA de São José dos Campos;15;6204;414.78
3554102;Taubaté;RA de São José dos Campos;15;307361;625
3554805;Tremembé;RA de São José dos Campos;15;45978;191.09
3555406;Ubatuba;RA de São José dos Campos;15;88916;708.11
3500550;Águas de Santa Bárbara;RA de Sorocaba;13;5931;404.46
3500758;Alambari;RA de Sorocaba;13;5779;159.6
3501152;Alumínio;RA de Sorocaba;13;17972;83.66
3502309;Anhembi;RA de Sorocaba;13;6672;736.56
3502754;Araçariguama;RA de Sorocaba;13;20980;145.2
3502903;Araçoiaba da Serra;RA de Sorocaba;13;32390;255.33
3503604;Areiópolis;RA de Sorocaba;13;10857;85.91
3504503;Avaré;RA de Sorocaba;13;87538;1213.06
3506904;Bofete;RA de Sorocaba;13;11076;653.54
3507001;Boituva;RA de Sorocaba;13;57292;248.95
3507506;Botucatu;RA de Sorocaba;13;141135;1482.64
3510302;Capela do Alto;RA de Sorocaba;13;20542;169.89
3511409;Cerqueira César;RA de Sorocaba;13;19213;511.62
3511508;Cerquilho;RA de Sorocaba;13;46411;127.8
3511607;Cesário Lange;RA de Sorocaba;13;17248;190.39
3512308;Conchas;RA de Sorocaba;13;17134;466.12
3518503;Guareí;RA de Sorocaba;13;15750;567.88
3519253;Iaras;RA de Sorocaba;13;6894;401.38
3519709;Ibiúna;RA de Sorocaba;13;76430;1058.08
3521002;Iperó;RA de Sorocaba;13;34352;170.29
3522307;Itapetininga;RA de Sorocaba;13;160150;1789.35
3523503;Itatinga;RA de Sorocaba;13;20550;979.82
3523909;Itu;RA de Sorocaba;13;169772;640.72
3525854;Jumirim;RA de Sorocaba;13;3306;56.69
3526407;Laranjal Paulista;RA de Sorocaba;13;27834;384.27
3528403;Mairinque;RA de Sorocaba;13;46323;210.15
3528601;Manduri;RA de Sorocaba;13;9525;229.05
3536109;Pardinho;RA de Sorocaba;13;6392;209.89
3537503;Pereiras;RA de Sorocaba;13;8428;223.14
3537800;Piedade;RA de Sorocaba;13;53536;746.87
3537909;Pilar do Sul;RA de Sorocaba;13;28221;681.25
3540507;Porangaba;RA de Sorocaba;13;9310;265.69
3540606;Porto Feliz;RA de Sorocaba;13;51697;556.71
3541059;Pratânia;RA de Sorocaba;13;5156;175.1
3541653;Quadra;RA de Sorocaba;13;3708;205.67
3545209;Salto;RA de Sorocaba;13;115372;133.06
3545308;Salto de Pirapora;RA de Sorocaba;13;44223;280.51
3550100;São Manuel;RA de Sorocaba;13;39574;650.73
3550209;São Miguel Arcanjo;RA de Sorocaba;13;32000;930.34
3550605;São Roque;RA de Sorocaba;13;87435;306.91
3551108;Sarapuí;RA de Sorocaba;13;10110;352.59
3552205;Sorocaba;RA de Sorocaba;13;658547;450.38
3553500;Tapiraí;RA de Sorocaba;13;7699;755.1
3554003;Tatuí;RA de Sorocaba;13;120123;523.75
3554508;Tietê;RA de Sorocaba;13;41073;404.4
3554656;Torre de Pedra;RA de Sorocaba;13;2320;71.35
3557006;Votorantim;RA de Sorocaba;13;119824;183.52
3500303;Aguaí;RA de Campinas;4;35608;474.55
3500402;Águas da Prata;RA de Campinas;4;7797;142.67
3500501;Águas de Lindóia;RA de Campinas;4;18374;60.13
3500600;Águas de São Pedro;RA de Campinas;4;3122;3.61
3501608;Americana;RA de Campinas;4;233458;133.91
3501905;Amparo;RA de Campinas;4;69639;445.32
3502002;Analândia;RA de Campinas;4;4850;325.95
3503307;Araras;RA de Campinas;4;131057;644.83
3503802;Artur Nogueira;RA de Campinas;4;52609;178.03
3504107;Atibaia;RA de Campinas;4;139606;478.52
3507100;Bom Jesus dos Perdões;RA de Campinas;4;24291;108.37
3507605;Bragança Paulista;RA de Campinas;4;163980;512.58
3507902;Brotas;RA de Campinas;4;23850;1101.37
3508405;Cabreúva;RA de Campinas;4;49430;260.23
3508702;Caconde;RA de Campinas;4;18854;468.21
3509502;Campinas;RA de Campinas;4;1175501;794.57
3509601;Campo Limpo Paulista;RA de Campinas;4;82842;79.4
3510401;Capivari;RA de Campinas;4;54231;322.88
3510807;Casa Branca;RA de Campinas;4;29462;864.23
3511706;Charqueada;RA de Campinas;4;16933;175.85
3512209;Conchal;RA de Campinas;4;27284;182.79
3512407;Cordeirópolis;RA de Campinas;4;24356;137.58
3512704;Corumbataí;RA de Campinas;4;3962;278.62
3512803;Cosmópolis;RA de Campinas;4;71282;154.67
3513900;Divinolândia;RA de Campinas;4;10886;223.75
3514908;Elias Fausto;RA de Campinas;4;17346;202.36
3515152;Engenheiro Coelho;RA de Campinas;4;20535;109.94
3515186;Espírito Santo do Pinhal;RA de Campinas;4;42573;389.24
3557303;Estiva Gerbi;RA de Campinas;4;11079;74.14
3519055;Holambra;RA de Campinas;4;14493;65.58
3519071;Hortolândia;RA de Campinas;4;230268;62.42
3520509;Indaiatuba;RA de Campinas;4;242868;311.55
3521101;Ipeúna;RA de Campinas;4;7571;190.01
3521408;Iracemápolis;RA de Campinas;4;23654;115.12
3522604;Itapira;RA de Campinas;4;71500;518.42
3523404;Itatiba;RA de Campinas;4;117916;322.28
3523602;Itirapina;RA de Campinas;4;17162;564.6
3523800;Itobi;RA de Campinas;4;7609;138.99
3524006;Itupeva;RA de Campinas;4;59159;200.82
3524709;Jaguariúna;RA de Campinas;4;54848;141.39
3525201;Jarinu;RA de Campinas;4;29820;207.55
3525508;Joanópolis;RA de Campinas;4;12666;374.29
3525904;Jundiaí;RA de Campinas;4;407016;431.21
3526704;Leme;RA de Campinas;4;100975;402.87
3526902;Limeira;RA de Campinas;4;296300;580.71
3527009;Lindóia;RA de Campinas;4;7722;48.76
3527306;Louveira;RA de Campinas;4;48268;55.13
3530508;Mococa;RA de Campinas;4;66753;855.16
3530706;Mogi Guaçu;RA de Campinas;4;148325;812.75
3530805;Mogi Mirim;RA de Campinas;4;90439;497.71
3530904;Mombuca;RA de Campinas;4;3332;133.7
3531209;Monte Alegre do Sul;RA de Campinas;4;7749;110.31
3531803;Monte Mor;RA de Campinas;4;59614;240.57
3532009;Morungaba;RA de Campinas;4;13247;146.75
3532405;Nazaré Paulista;RA de Campinas;4;18445;326.25
3533403;Nova Odessa;RA de Campinas;4;58039;73.79
3536505;Paulínia;RA de Campinas;4;105037;138.78
3536802;Pedra Bela;RA de Campinas;4;5964;158.59
3537107;Pedreira;RA de Campinas;4;46548;108.82
3538204;Pinhalzinho;RA de Campinas;4;14755;154.53
3538600;Piracaia;RA de Campinas;4;26287;385.57
3538709;Piracicaba;RA de Campinas;4;389873;1378.07
3539301;Pirassununga;RA de Campinas;4;73706;727.12
3542107;Rafard;RA de Campinas;4;8976;121.65
3543907;Rio Claro;RA de Campinas;4;201212;498.42
3544004;Rio das Pedras;RA de Campinas;4;34416;226.66
3545159;Saltinho;RA de Campinas;4;7860;99.74
3545803;Santa Bárbara d'Oeste;RA de Campinas;4;188745;271.03
3546207;Santa Cruz da Conceição;RA de Campinas;4;4349;150.13
3546306;Santa Cruz das Palmeiras;RA de Campinas;4;33729;295.34
3546702;Santa Gertrudes;RA de Campinas;4;26189;98.29
3547007;Santa Maria da Serra;RA de Campinas;4;6141;252.62
3548005;Santo Antônio de Posse;RA de Campinas;4;22849;154.13
3548104;Santo Antônio do Jardim;RA de Campinas;4;5826;109.96
3549102;São João da Boa Vista;RA de Campinas;4;87340;516.4
3549706;São José do Rio Pardo;RA de Campinas;4;53206;419.68
3550407;São Pedro;RA de Campinas;4;34208;611.28
3550803;São Sebastião da Grama;RA de Campinas;4;11936;252.41
3551603;Serra Negra;RA de Campinas;4;27440;203.73
3552106;Socorro;RA de Campinas;4;38783;449.03
3552403;Sumaré;RA de Campinas;4;283212;153.47
3553302;Tambaú;RA de Campinas;4;22803;561.79
3553609;Tapiratiba;RA de Campinas;4;12610;221.89
3554706;Torrinha;RA de Campinas;4;9713;315.27
3554953;Tuiuti;RA de Campinas;4;6557;126.73
3556206;Valinhos;RA de Campinas;4;124742;148.54
3556354;Vargem;RA de Campinas;4;10000;142.6
3556404;Vargem Grande do Sul;RA de Campinas;4;41501;267.18
3556503;Várzea Paulista;RA de Campinas;4;120535;35.12
3556701;Vinhedo;RA de Campinas;4;77521;81.6
3501004;Altinópolis;RA de Ribeirão Preto;11;15553;928.96
3505609;Barrinha;RA de Ribeirão Preto;11;32338;146.03
3507803;Brodowski;RA de Ribeirão Preto;11;23943;278.46
3509403;Cajuru;RA de Ribeirão Preto;11;25663;660.09
3510906;Cássia dos Coqueiros;RA de Ribeirão Preto;11;2495;191.68
3513108;Cravinhos;RA de Ribeirão Preto;11;34428;311.42
3514601;Dumont;RA de Ribeirão Preto;11;9570;111.38
3518602;Guariba;RA de Ribeirão Preto;11;39021;270.29
3518859;Guatapará;RA de Ribeirão Preto;11;7440;413.57
3524303;Jaboticabal;RA de Ribeirão Preto;11;74221;706.6
3525102;Jardinópolis;RA de Ribeirão Preto;11;42893;501.87
3527603;Luís Antônio;RA de Ribeirão Preto;11;14166;598.26
3531308;Monte Alto;RA de Ribeirão Preto;11;48405;346.95
3539509;Pitangueiras;RA de Ribeirão Preto;11;38584;430.64
3540200;Pontal;RA de Ribeirão Preto;11;49283;356.37
3540903;Pradópolis;RA de Ribeirão Preto;11;20907;167.38
3543402;Ribeirão Preto;RA de Ribeirão Preto;11;683777;650.92
3546256;Santa Cruz da Esperança;RA de Ribeirão Preto;11;2077;148.06
3547601;Santa Rosa de Viterbo;RA de Ribeirão Preto;11;25604;288.58
3547908;Santo Antônio da Alegria;RA de Ribeirão Preto;11;6637;310.31
3550902;São Simão;RA de Ribeirão Preto;11;14847;617.25
3551405;Serra Azul;RA de Ribeirão Preto;11;12282;283.14
3551504;Serrana;RA de Ribeirão Preto;11;44434;126.05
3551702;Sertãozinho;RA de Ribeirão Preto;11;122355;403.09
3553658;Taquaral;RA de Ribeirão Preto;11;2751;53.89
3500709;Agudos;RA de Bauru;3;36134;966.71
3503406;Arealva;RA de Bauru;3;8196;504.97
3504305;Avaí;RA de Bauru;3;5288;540.69
3504701;Balbinos;RA de Bauru;3;3704;91.64
3505203;Bariri;RA de Bauru;3;33993;444.41
3505302;Barra Bonita;RA de Bauru;3;34914;150.12
3506003;Bauru;RA de Bauru;3;364225;667.68
3506805;Bocaina;RA de Bauru;3;12135;363.93
3507308;Boracéia;RA de Bauru;3;4759;122.11
3507456;Borebi;RA de Bauru;3;2579;347.99
3508306;Cabrália Paulista;RA de Bauru;3;4308;239.97
3508801;Cafelândia;RA de Bauru;3;17244;920.28
3514106;Dois Córregos;RA de Bauru;3;26972;632.97
3514502;Duartina;RA de Bauru;3;11975;264.56
3517000;Getulina;RA de Bauru;3;10847;676.76
3517307;Guaimbê;RA de Bauru;3;5534;217.81
3517208;Guaiçara;RA de Bauru;3;11947;277.15
3518107;Guarantã;RA de Bauru;3;6477;461.75
3519105;Iacanga;RA de Bauru;3;11306;547.39
3520004;Igaraçu do Tietê;RA de Bauru;3;24135;97.75
3522000;Itaju;RA de Bauru;3;3654;230.36
3522901;Itapuí;RA de Bauru;3;13779;140.02
3525300;Jaú;RA de Bauru;3;147505;687.1
3526803;Lençóis Paulista;RA de Bauru;3;66343;809.54
3527108;Lins;RA de Bauru;3;75087;570.06
3527504;Lucianópolis;RA de Bauru;3;2261;189.54
3528007;Macatuba;RA de Bauru;3;16932;224.51
3529807;Mineiros do Tietê;RA de Bauru;3;12597;213.24
3536570;Paulistânia;RA de Bauru;3;1769;256.18
3536703;Pederneiras;RA de Bauru;3;45570;728.74
3538907;Pirajuí;RA de Bauru;3;23259;823.76
3539400;Piratininga;RA de Bauru;3;13213;402.41
3540101;Pongaí;RA de Bauru;3;3351;183.4
3541109;Presidente Alves;RA de Bauru;3;4020;286.64
3541604;Promissão;RA de Bauru;3;39667;779.2
3542503;Reginópolis;RA de Bauru;3;7215;410.41
3544608;Sabino;RA de Bauru;3;5468;305.29
3555505;Ubirajara;RA de Bauru;3;4663;282.18
3555901;Uru;RA de Bauru;3;1207;146.9
3500204;Adolfo;RA de São José do Rio Preto;14;3447;211.06
3501202;Álvares Florence;RA de São José do Rio Preto;14;3621;362.41
3501806;Américo de Campos;RA de São José do Rio Preto;14;5736;252.88
3502606;Aparecida d'Oeste;RA de São José do Rio Preto;14;4132;179
3503703;Ariranha;RA de São José do Rio Preto;14;9320;132.62
3503950;Aspásia;RA de São José do Rio Preto;14;1765;69.37
3504602;Bady Bassitt;RA de São José do Rio Preto;14;16329;110.37
3504800;Bálsamo;RA de São José do Rio Preto;14;8524;149.88
3510708;Cardoso;RA de São José do Rio Preto;14;11721;639.25
3511102;Catanduva;RA de São José do Rio Preto;14;117206;290.6
3511201;Catiguá;RA de São José do Rio Preto;14;7529;148.39
3511300;Cedral;RA de São José do Rio Preto;14;8836;197.84
3512902;Cosmorama;RA de São José do Rio Preto;14;6997;441.68
3513850;Dirce Reis;RA de São José do Rio Preto;14;1717;88.13
3514205;Dolcinópolis;RA de São José do Rio Preto;14;2040;77.94
3514924;Elisiário;RA de São José do Rio Preto;14;3499;93.98
3515202;Estrela d'Oeste;RA de São José do Rio Preto;14;8094;296.28
3515509;Fernandópolis;RA de São José do Rio Preto;14;66112;549.8
3515905;Floreal;RA de São José do Rio Preto;14;2856;204.24
3517505;Guapiaçu;RA de São José do Rio Preto;14;20848;325.13
3518008;Guarani d'Oeste;RA de São José do Rio Preto;14;1922;85.7
3519402;Ibirá;RA de São José do Rio Preto;14;12059;271.91
3519808;Icém;RA de São José do Rio Preto;14;8032;362.36
3520707;Indiaporã;RA de São José do Rio Preto;14;3854;279.61
3521150;Ipiguá;RA de São José do Rio Preto;14;5231;136.03
3521507;Irapuã;RA de São José do Rio Preto;14;7734;257.61
3521903;Itajobi;RA de São José do Rio Preto;14;14614;502.07
3524501;Jaci;RA de São José do Rio Preto;14;6969;145.13
3524808;Jales;RA de São José do Rio Preto;14;47254;368.57
3525706;José Bonifácio;RA de São José do Rio Preto;14;35981;860.2
3528106;Macaubal;RA de São José do Rio Preto;14;7749;248.09
3528205;Macedônia;RA de São José do Rio Preto;14;3574;327.57
3528304;Magda;RA de São José do Rio Preto;14;3088;312.28
3528858;Marapoama;RA de São José do Rio Preto;14;2906;111.27
3529104;Marinópolis;RA de São José do Rio Preto;14;2097;77.83
3529500;Mendonça;RA de São José do Rio Preto;14;5043;195.15
3529609;Meridiano;RA de São José do Rio Preto;14;3739;228.2
3529658;Mesópolis;RA de São José do Rio Preto;14;1893;148.64
3530003;Mira Estrela;RA de São José do Rio Preto;14;2939;216.83
3530300;Mirassol;RA de São José do Rio Preto;14;57824;243.23
3530409;Mirassolândia;RA de São José do Rio Preto;14;4702;166.13
3531407;Monte Aprazível;RA de São José do Rio Preto;14;23458;495.56
3531001;Monções;RA de São José do Rio Preto;14;2175;104.35
3532504;Neves Paulista;RA de São José do Rio Preto;14;8620;219.05
3532603;Nhandeara;RA de São José do Rio Preto;14;10782;436.16
3532702;Nipoã;RA de São José do Rio Preto;14;4969;137.61
3532801;Nova Aliança;RA de São José do Rio Preto;14;6450;217.52
3532843;Nova Canaã Paulista;RA de São José do Rio Preto;14;1937;124.47
3533007;Nova Granada;RA de São José do Rio Preto;14;20918;531.8
3533254;Novais;RA de São José do Rio Preto;14;5509;117.77
3533502;Novo Horizonte;RA de São José do Rio Preto;14;38954;931.74
3534005;Onda Verde;RA de São José do Rio Preto;14;4225;242.95
3534203;Orindiúva;RA de São José do Rio Preto;14;6866;247.38
3534757;Ouroeste;RA de São José do Rio Preto;14;9777;288.65
3535002;Palestina;RA de São José do Rio Preto;14;12160;697.7
3535101;Palmares Paulista;RA de São José do Rio Preto;14;12997;82.13
3535200;Palmeira d'Oeste;RA de São José do Rio Preto;14;9130;318.74
3535705;Paraíso;RA de São José do Rio Preto;14;6269;155.19
3535903;Paranapuã;RA de São José do Rio Preto;14;3892;140.35
3536257;Parisi;RA de São José do Rio Preto;14;2054;84.74
3536604;Paulo de Faria;RA de São José do Rio Preto;14;8521;737.99
3536901;Pedranópolis;RA de São José do Rio Preto;14;2422;260.1
3538105;Pindorama;RA de São José do Rio Preto;14;16255;184.83
3539608;Planalto;RA de São José do Rio Preto;14;5167;289.83
3539905;Poloni;RA de São José do Rio Preto;14;5667;135.12
3540259;Pontalinda;RA de São José do Rio Preto;14;4487;209.53
3540309;Pontes Gestal;RA de São José do Rio Preto;14;2528;217.51
3540408;Populina;RA de São José do Rio Preto;14;3995;315.94
3540804;Potirendaba;RA de São José do Rio Preto;14;16605;342.49
3544202;Riolândia;RA de São José do Rio Preto;14;11431;631.9
3544509;Rubinéia;RA de São José do Rio Preto;14;2989;242.88
3544806;Sales;RA de São José do Rio Preto;14;6050;308.56
3545605;Santa Adélia;RA de São José do Rio Preto;14;14892;330.27
3545704;Santa Albertina;RA de São José do Rio Preto;14;5672;272.69
3546108;Santa Clara d'Oeste;RA de São José do Rio Preto;14;2006;183.46
3546603;Santa Fé do Sul;RA de São José do Rio Preto;14;30804;206.54
3547403;Santa Rita d'Oeste;RA de São José do Rio Preto;14;2404;209.8
3547650;Santa Salete;RA de São José do Rio Preto;14;1440;79.19
3547205;Santana da Ponte Pensa;RA de São José do Rio Preto;14;1509;129.89
3549003;São Francisco;RA de São José do Rio Preto;14;2677;75.58
3549201;São João das Duas Pontes;RA de São José do Rio Preto;14;2476;129.46
3549805;São José do Rio Preto;RA de São José do Rio Preto;14;447924;431.94
3551306;Sebastianópolis do Sul;RA de São José do Rio Preto;14;3293;167.85
3552601;Tabapuã;RA de São José do Rio Preto;14;11892;345.79
3553401;Tanabi;RA de São José do Rio Preto;14;25105;747.22
3554904;Três Fronteiras;RA de São José do Rio Preto;14;5547;151.59
3555307;Turmalina;RA de São José do Rio Preto;14;1805;147.8
3555356;Ubarana;RA de São José do Rio Preto;14;6066;209.86
3555604;Uchoa;RA de São José do Rio Preto;14;9683;252.43
3555703;União Paulista;RA de São José do Rio Preto;14;1739;79.06
3555802;Urânia;RA de São José do Rio Preto;14;8611;209.26
3556008;Urupês;RA de São José do Rio Preto;14;13164;323.92
3556107;Valentim Gentil;RA de São José do Rio Preto;14;12770;149.74
3556958;Vitória Brasil;RA de São José do Rio Preto;14;1760;49.83
3557105;Votuporanga;RA de São José do Rio Preto;14;91760;420.7
3557154;Zacarias;RA de São José do Rio Preto;14;2560;319.06
3501103;Alto Alegre;RA de Araçatuba;1;4017;318.57
3502101;Andradina;RA de Araçatuba;1;56054;964.23
3502804;Araçatuba;RA de Araçatuba;1;190469;1167.13
3504206;Auriflama;RA de Araçatuba;1;14471;434.5
3504404;Avanhandava;RA de Araçatuba;1;12114;338.37
3505104;Barbosa;RA de Araçatuba;1;7284;205.21
3506201;Bento de Abreu;RA de Araçatuba;1;2945;301.69
3506409;Bilac;RA de Araçatuba;1;7816;158.03
3506508;Birigui;RA de Araçatuba;1;121329;530.03
3507704;Braúna;RA de Araçatuba;1;5552;195.18
3507753;Brejo Alegre;RA de Araçatuba;1;2768;105.69
3508108;Buritama;RA de Araçatuba;1;16596;326.92
3511003;Castilho;RA de Araçatuba;1;20728;1065.32
3511904;Clementina;RA de Araçatuba;1;8324;168.59
3512506;Coroados;RA de Araçatuba;1;5926;246.83
3516507;Gabriel Monteiro;RA de Araçatuba;1;2684;138.68
3516804;Gastão Vidigal;RA de Araçatuba;1;4768;180.57
3516903;General Salgado;RA de Araçatuba;1;10648;494.38
3517109;Glicério;RA de Araçatuba;1;4749;272.8
3518206;Guararapes;RA de Araçatuba;1;32076;955.64
3517802;Guaraçaí;RA de Araçatuba;1;8412;569.2
3518909;Guzolândia;RA de Araçatuba;1;5107;252.48
3520442;Ilha Solteira;RA de Araçatuba;1;25748;652.64
3523008;Itapura;RA de Araçatuba;1;4916;301.65
3526506;Lavínia;RA de Araçatuba;1;8500;537.68
3527256;Lourdes;RA de Araçatuba;1;2182;113.94
3527702;Luiziânia;RA de Araçatuba;1;5754;166.58
3530102;Mirandópolis;RA de Araçatuba;1;28646;917.69
3532108;Murutinga do Sul;RA de Araçatuba;1;4281;250.87
3532868;Nova Castilho;RA de Araçatuba;1;1176;183.4
3533205;Nova Independência;RA de Araçatuba;1;3731;265.03
3533304;Nova Luzitânia;RA de Araçatuba;1;4044;73.82
3537305;Penápolis;RA de Araçatuba;1;60774;711.32
3537404;Pereira Barreto;RA de Araçatuba;1;25391;974.25
3537701;Piacatu;RA de Araçatuba;1;5891;232.49
3544400;Rubiácea;RA de Araçatuba;1;3106;236.48
3548054;Santo Antônio do Aracanguá;RA de Araçatuba;1;8252;1308.43
3548401;Santópolis do Aguapeí;RA de Araçatuba;1;4668;128.03
3549250;São João de Iracema;RA de Araçatuba;1;1850;178.4
3552304;Sud Mennucci;RA de Araçatuba;1;7713;594.74
3552551;Suzanápolis;RA de Araçatuba;1;3947;330.59
3555208;Turiúba;RA de Araçatuba;1;1912;153.24
3556305;Valparaíso;RA de Araçatuba;1;23988;857.66
3500105;Adamantina;RA de Presidente Prudente;9;33894;411.99
3500808;Alfredo Marcondes;RA de Presidente Prudente;9;3927;118.92
3501301;Álvares Machado;RA de Presidente Prudente;9;23789;347.65
3502408;Anhumas;RA de Presidente Prudente;9;3963;320.84
3508900;Caiabu;RA de Presidente Prudente;9;4103;253.35
3509106;Caiuá;RA de Presidente Prudente;9;5600;551.16
3514403;Dracena;RA de Presidente Prudente;9;44995;487.69
3515129;Emilianópolis;RA de Presidente Prudente;9;3068;225.17
3515301;Estrela do Norte;RA de Presidente Prudente;9;2665;264.99
3515350;Euclides da Cunha Paulista;RA de Presidente Prudente;9;9537;573.89
3515806;Flora Rica;RA de Presidente Prudente;9;1589;224.71
3516002;Flórida Paulista;RA de Presidente Prudente;9;12120;524.14
3519907;Iepê;RA de Presidente Prudente;9;7921;594.97
3520608;Indiana;RA de Presidente Prudente;9;4775;129.37
3520806;Inúbia Paulista;RA de Presidente Prudente;9;3892;87.12
3521606;Irapuru;RA de Presidente Prudente;9;7334;214.46
3526001;Junqueirópolis;RA de Presidente Prudente;9;20065;582.57
3527405;Lucélia;RA de Presidente Prudente;9;21019;314.81
3528700;Marabá Paulista;RA de Presidente Prudente;9;4931;919.52
3528908;Mariápolis;RA de Presidente Prudente;9;3975;186.54
3529203;Martinópolis;RA de Presidente Prudente;9;25668;1253.56
3530201;Mirante do Paranapanema;RA de Presidente Prudente;9;17769;1238.93
3531605;Monte Castelo;RA de Presidente Prudente;9;3991;233.55
3532157;Nantes;RA de Presidente Prudente;9;3071;286.65
3532207;Narandiba;RA de Presidente Prudente;9;4841;357.33
3533106;Nova Guataporanga;RA de Presidente Prudente;9;2191;34.16
3534609;Osvaldo Cruz;RA de Presidente Prudente;9;31263;248.04
3534807;Ouro Verde;RA de Presidente Prudente;9;8268;266.78
3534906;Pacaembu;RA de Presidente Prudente;9;13056;339.38
3535408;Panorama;RA de Presidente Prudente;9;15199;356.05
3536406;Paulicéia;RA de Presidente Prudente;9;7146;374.09
3538303;Piquerobi;RA de Presidente Prudente;9;3535;482.77
3539202;Pirapozinho;RA de Presidente Prudente;9;27213;477.67
3540853;Pracinha;RA de Presidente Prudente;9;2913;63.05
3541208;Presidente Bernardes;RA de Presidente Prudente;9;13720;749.23
3541307;Presidente Epitácio;RA de Presidente Prudente;9;42400;1260.28
3541406;Presidente Prudente;RA de Presidente Prudente;9;221073;560.64
3541505;Presidente Venceslau;RA de Presidente Prudente;9;38005;755.2
3542206;Rancharia;RA de Presidente Prudente;9;28847;1587.5
3542404;Regente Feijó;RA de Presidente Prudente;9;19491;263.28
3543238;Ribeirão dos Índios;RA de Presidente Prudente;9;2141;196.45
3544251;Rosana;RA de Presidente Prudente;9;18387;744.01
3544707;Sagres;RA de Presidente Prudente;9;2362;147.94
3545100;Salmourão;RA de Presidente Prudente;9;5117;172.93
3545506;Sandovalina;RA de Presidente Prudente;9;4211;455.86
3547106;Santa Mercedes;RA de Presidente Prudente;9;2813;166.75
3547700;Santo Anastácio;RA de Presidente Prudente;9;20127;552.88
3548302;Santo Expedito;RA de Presidente Prudente;9;2972;94.47
3549300;São João do Pau d'Alho;RA de Presidente Prudente;9;1985;117.67
3552908;Taciba;RA de Presidente Prudente;9;6054;607.27
3553906;Tarabai;RA de Presidente Prudente;9;7269;201.39
3554300;Teodoro Sampaio;RA de Presidente Prudente;9;22414;1555.8
3555109;Tupi Paulista;RA de Presidente Prudente;9;14878;244.77
3501400;Álvaro de Carvalho;RA de Marília;8;5044;153.66
3501509;Alvinlândia;RA de Marília;8;3176;84.88
3503356;Arco-Íris;RA de Marília;8;1816;264.9
3504008;Assis;RA de Marília;8;101381;460.61
3505807;Bastos;RA de Marília;8;20301;170.91
3506300;Bernardino de Campos;RA de Marília;8;10787;244.16
3507209;Borá;RA de Marília;8;812;118.95
3509809;Campos Novos Paulista;RA de Marília;8;4817;484.2
3510005;Cândido Mota;RA de Marília;8;30019;595.81
3510153;Canitar;RA de Marília;8;4991;57.46
3557204;Chavantes;RA de Marília;8;12223;188.73
3513306;Cruzália;RA de Marília;8;2117;149.33
3514700;Echaporã;RA de Marília;8;6217;515.26
3515194;Espírito Santo do Turvo;RA de Marília;8;4799;193.67
3515657;Fernão;RA de Marília;8;1649;100.5
3516101;Florínea;RA de Marília;8;2703;225.89
3516606;Gália;RA de Marília;8;6563;355.91
3516705;Garça;RA de Marília;8;42483;555.81
3519006;Herculândia;RA de Marília;8;9260;364.25
3519204;Iacri;RA de Marília;8;6272;321.95
3519501;Ibirarema;RA de Marília;8;7509;228.23
3520905;Ipaussu;RA de Marília;8;14506;209.55
3525607;João Ramalho;RA de Marília;8;4384;415.45
3525805;Júlio Mesquita;RA de Marília;8;4640;128.18
3527801;Lupércio;RA de Marília;8;4421;155.17
3527900;Lutécia;RA de Marília;8;2621;475.23
3528809;Maracaí;RA de Marília;8;13521;533.5
3529005;Marília;RA de Marília;8;231554;1170.52
3533700;Ocauçu;RA de Marília;8;4146;301.04
3533809;Óleo;RA de Marília;8;2527;198.94
3534104;Oriente;RA de Marília;8;6265;218.67
3534500;Oscar Bressane;RA de Marília;8;2514;222.13
3534708;Ourinhos;RA de Marília;8;110489;295.82
3535309;Palmital;RA de Marília;8;21599;548.41
3535507;Paraguaçu Paulista;RA de Marília;8;44180;1001.49
3536000;Parapuã;RA de Marília;8;10507;366.66
3537156;Pedrinhas Paulista;RA de Marília;8;3010;152.31
3539707;Platina;RA de Marília;8;3501;327.48
3540002;Pompéia;RA de Marília;8;21282;784.67
3541703;Quatá;RA de Marília;8;13935;651.34
3541802;Queiroz;RA de Marília;8;3279;234.91
3542008;Quintana;RA de Marília;8;6500;318.94
3543204;Ribeirão do Sul;RA de Marília;8;4360;203.21
3543808;Rinópolis;RA de Marília;8;9720;358.48
3545407;Salto Grande;RA de Marília;8;9095;188.44
3546405;Santa Cruz do Rio Pardo;RA de Marília;8;46110;1114.75
3550506;São Pedro do Turvo;RA de Marília;8;7369;731.22
3553955;Tarumã;RA de Marília;8;14806;302.91
3554607;Timburi;RA de Marília;8;2557;196.79
3555000;Tupã;RA de Marília;8;62843;627.99
3556602;Vera Cruz;RA de Marília;8;10524;247.72
3501707;Américo Brasiliense;RA Central;5;40243;122.79
3503208;Araraquara;RA Central;5;227618;1003.63
3506706;Boa Esperança do Sul;RA Central;5;14582;690.75
3507407;Borborema;RA Central;5;15323;552.26
3510104;Cândido Rodrigues;RA Central;5;2674;70.89
3513702;Descalvado;RA Central;5;32430;753.71
3514007;Dobrada;RA Central;5;8904;149.73
3514304;Dourado;RA Central;5;8482;205.87
3515608;Fernando Prestes;RA Central;5;5572;169.99
3516853;Gavião Peixoto;RA Central;5;4610;243.77
3519303;Ibaté;RA Central;5;34738;290.98
3519600;Ibitinga;RA Central;5;58501;689.39
3522703;Itápolis;RA Central;5;41548;996.75
3529302;Matão;RA Central;5;80020;524.9
3532058;Motuca;RA Central;5;4638;228.7
3532900;Nova Europa;RA Central;5;10749;160.25
3540705;Porto Ferreira;RA Central;5;54102;244.91
3542909;Ribeirão Bonito;RA Central;5;12959;471.55
3543709;Rincão;RA Central;5;10496;316.64
3546504;Santa Ernestina;RA Central;5;5525;134.42
3546900;Santa Lúcia;RA Central;5;8562;154.03
3547502;Santa Rita do Passa Quatro;RA Central;5;26385;754.14
3548906;São Carlos;RA Central;5;242632;1136.91
3552700;Tabatinga;RA Central;5;15897;368.6
3553708;Taquaritinga;RA Central;5;54499;594.34
3554755;Trabiju;RA Central;5;1703;63.42
3500907;Altair;RA de Barretos;2;4036;313.01
3505500;Barretos;RA de Barretos;2;118048;1566.16
3506102;Bebedouro;RA de Barretos;2;74155;683.19
3509304;Cajobi;RA de Barretos;2;10105;176.93
3512001;Colina;RA de Barretos;2;17603;422.3
3512100;Colômbia;RA de Barretos;2;6046;728.65
3514957;Embaúba;RA de Barretos;2;2409;83.13
3517406;Guaíra;RA de Barretos;2;39061;1258.47
3517901;Guaraci;RA de Barretos;2;10978;641.5
3524204;Jaborandi;RA de Barretos;2;6677;273.44
3531506;Monte Azul Paulista;RA de Barretos;2;18191;263.46
3533908;Olímpia;RA de Barretos;2;52516;802.56
3539004;Pirangi;RA de Barretos;2;10823;215.81
3551900;Severínia;RA de Barretos;2;17126;140.46
3553104;Taiaçu;RA de Barretos;2;6037;107.06
3553203;Taiúva;RA de Barretos;2;6278;132.46
3554409;Terra Roxa;RA de Barretos;2;9121;221.54
3556800;Viradouro;RA de Barretos;2;18347;217.73
3556909;Vista Alegre do Alto;RA de Barretos;2;8014;95.43
3503000;Aramina;RA de Franca;6;5496;202.83
3505906;Batatais;RA de Franca;6;60222;849.53
3508207;Buritizal;RA de Franca;6;4307;266.42
3513207;Cristais Paulista;RA de Franca;6;8425;385.23
3516200;Franca;RA de Franca;6;342125;605.68
3517703;Guará;RA de Franca;6;20824;362.18
3520103;Igarapava;RA de Franca;6;29456;468.36
3521309;Ipuã;RA de Franca;6;15861;466.46
3523701;Itirapuã;RA de Franca;6;6279;161.12
3524105;Ituverava;RA de Franca;6;40246;704.66
3525409;Jeriquara;RA de Franca;6;3141;141.97
3529708;Miguelópolis;RA de Franca;6;21424;820.85
3531902;Morro Agudo;RA de Franca;6;32332;1388.13
3533601;Nuporanga;RA de Franca;6;7268;348.27
3534302;Orlândia;RA de Franca;6;42266;291.77
3536307;Patrocínio Paulista;RA de Franca;6;14463;602.85
3537008;Pedregulho;RA de Franca;6;16279;712.6
3542701;Restinga;RA de Franca;6;7493;245.75
3543105;Ribeirão Corrente;RA de Franca;6;4664;148.33
3543600;Rifaina;RA de Franca;6;3468;162.51
3544905;Sales Oliveira;RA de Franca;6;11518;305.78
3549409;São Joaquim da Barra;RA de Franca;6;50274;410.86
3549508;São José da Bela Vista;RA de Franca;6;8727;276.95
3502200;Angatuba;RA de Itapeva;7;24501;1027.29
3502705;Apiaí;RA de Itapeva;7;24666;974.32
3503109;Arandu;RA de Itapeva;7;6165;285.91
3505005;Barão de Antonina;RA de Itapeva;7;3383;153.14
3505351;Barra do Chapéu;RA de Itapeva;7;5530;405.68
3507159;Bom Sucesso de Itararé;RA de Itapeva;7;3861;133.58
3508009;Buri;RA de Itapeva;7;19678;1195.91
3509452;Campina do Monte Alegre;RA de Itapeva;7;5812;185.03
3510203;Capão Bonito;RA de Itapeva;7;46418;1640.23
3512605;Coronel Macedo;RA de Itapeva;7;4843;303.83
3515400;Fartura;RA de Itapeva;7;15644;429.17
3517604;Guapiara;RA de Itapeva;7;17775;408.29
3521200;Iporanga;RA de Itapeva;7;4407;1152.06
3521705;Itaberá;RA de Itapeva;7;17614;1100.25
3521804;Itaí;RA de Itapeva;7;26507;1092.88
3522158;Itaoca;RA de Itapeva;7;3186;183.02
3522406;Itapeva;RA de Itapeva;7;91693;1826.26
3522653;Itapirapuã Paulista;RA de Itapeva;7;4180;406.48
3522802;Itaporanga;RA de Itapeva;7;14688;508
3523206;Itararé;RA de Itapeva;7;49018;1003.86
3532827;Nova Campina;RA de Itapeva;7;9675;385.38
3535804;Paranapanema;RA de Itapeva;7;19962;1018.72
3538808;Piraju;RA de Itapeva;7;28574;504.59
3542800;Ribeira;RA de Itapeva;7;3242;335.76
3543006;Ribeirão Branco;RA de Itapeva;7;17685;697.5
3543253;Ribeirão Grande;RA de Itapeva;7;7510;333.36
3543501;Riversul;RA de Itapeva;7;5705;385.88
3551207;Sarutaiá;RA de Itapeva;7;3646;141.61
3553005;Taguaí;RA de Itapeva;7;13319;145.33
3553807;Taquarituba;RA de Itapeva;7;23193;448.52
3553856;Taquarivaí;RA de Itapeva;7;5746;231.79
3554201;Tejupá;RA de Itapeva;7;4697;296.19
3503901;Arujá;RM de São Paulo;10;89744;96.17
3505708;Barueri;RM de São Paulo;10;264390;65.7
3506607;Biritiba Mirim;RM de São Paulo;10;32338;317.41
3509007;Caieiras;RM de São Paulo;10;100612;97.64
3509205;Cajamar;RM de São Paulo;10;77627;131.39
3510609;Carapicuíba;RM de São Paulo;10;394598;34.55
3513009;Cotia;RM de São Paulo;10;247424;323.99
3513801;Diadema;RM de São Paulo;10;404477;30.73
3515004;Embu das Artes;RM de São Paulo;10;270790;70.4
3515103;Embu-Guaçu;RM de São Paulo;10;68053;155.64
3515707;Ferraz de Vasconcelos;RM de São Paulo;10;193037;29.56
3516309;Francisco Morato;RM de São Paulo;10;174403;49
3516408;Franco da Rocha;RM de São Paulo;10;152201;132.78
3518305;Guararema;RM de São Paulo;10;29429;270.82
3518800;Guarulhos;RM de São Paulo;10;1351275;318.68
3522208;Itapecerica da Serra;RM de São Paulo;10;169619;150.74
3522505;Itapevi;RM de São Paulo;10;237714;82.66
3523107;Itaquaquecetuba;RM de São Paulo;10;370589;82.62
3525003;Jandira;RM de São Paulo;10;123603;17.45
3526209;Juquitiba;RM de São Paulo;10;30401;522.17
3528502;Mairiporã;RM de São Paulo;10;98622;320.7
3529401;Mauá;RM de São Paulo;10;460132;61.91
3530607;Mogi das Cruzes;RM de São Paulo;10;432905;712.54
3534401;Osasco;RM de São Paulo;10;680964;64.95
3539103;Pirapora do Bom Jesus;RM de São Paulo;10;18851;108.49
3539806;Poá;RM de São Paulo;10;115538;17.26
3543303;Ribeirão Pires;RM de São Paulo;10;118968;99.08
3544103;Rio Grande da Serra;RM de São Paulo;10;49816;36.34
3545001;Salesópolis;RM de São Paulo;10;16838;425
3546801;Santa Isabel;RM de São Paulo;10;55086;363.33
3547304;Santana de Parnaíba;RM de São Paulo;10;138132;179.95
3547809;Santo André;RM de São Paulo;10;693867;175.78
3548708;São Bernardo do Campo;RM de São Paulo;10;812086;409.53
3548807;São Caetano do Sul;RM de São Paulo;10;151244;15.33
3549953;São Lourenço da Serra;RM de São Paulo;10;15579;186.46
3550308;São Paulo;RM de São Paulo;10;11869660;1521.11
3552502;Suzano;RM de São Paulo;10;291002;206.24
3552809;Taboão da Serra;RM de São Paulo;10;283871;20.39
3556453;Vargem Grande Paulista;RM de São Paulo;10;52762;42.49
